<?xml version="1.0"?>
<Object name="ExpressionList">
    <Object name="Expression">
        <Field name="name" type="string">gas_velocity</Field>
        <Field name="definition" type="string">gas_momentum/dens</Field>
        <Field name="hidden" type="bool">false</Field>
        <Field name="type" type="string">VectorMeshVar</Field>
        <Field name="fromDB" type="bool">false</Field>
        <Field name="fromOperator" type="bool">false</Field>
        <Field name="operatorName" type="string">__none__</Field>
        <Field name="meshName" type="string"></Field>
        <Field name="dbName" type="string">__none__</Field>
        <Field name="autoExpression" type="bool">false</Field>
    </Object>
    <Object name="Expression">
        <Field name="name" type="string">magnitude_gas_velocity</Field>
        <Field name="definition" type="string">magnitude(gas_velocity)</Field>
        <Field name="hidden" type="bool">false</Field>
        <Field name="type" type="string">ScalarMeshVar</Field>
        <Field name="fromDB" type="bool">false</Field>
        <Field name="fromOperator" type="bool">false</Field>
        <Field name="operatorName" type="string">__none__</Field>
        <Field name="meshName" type="string"></Field>
        <Field name="dbName" type="string">__none__</Field>
        <Field name="autoExpression" type="bool">false</Field>
    </Object>
    <Object name="Expression">
        <Field name="name" type="string">bfield</Field>
        <Field name="definition" type="string">{Bcc1,Bcc2,Bcc3}</Field>
        <Field name="hidden" type="bool">false</Field>
        <Field name="type" type="string">VectorMeshVar</Field>
        <Field name="fromDB" type="bool">false</Field>
        <Field name="fromOperator" type="bool">false</Field>
        <Field name="operatorName" type="string">__none__</Field>
        <Field name="meshName" type="string"></Field>
        <Field name="dbName" type="string">__none__</Field>
        <Field name="autoExpression" type="bool">false</Field>
    </Object>
    <Object name="Expression">
        <Field name="name" type="string">magnitude_bfield</Field>
        <Field name="definition" type="string">magnitude(bfield)</Field>
        <Field name="hidden" type="bool">false</Field>
        <Field name="type" type="string">ScalarMeshVar</Field>
        <Field name="fromDB" type="bool">false</Field>
        <Field name="fromOperator" type="bool">false</Field>
        <Field name="operatorName" type="string">__none__</Field>
        <Field name="meshName" type="string"></Field>
        <Field name="dbName" type="string">__none__</Field>
        <Field name="autoExpression" type="bool">false</Field>
    </Object>
    <Object name="Expression">
        <Field name="name" type="string">gas_momentum</Field>
        <Field name="definition" type="string">{mom1,mom2,mom3}</Field>
        <Field name="hidden" type="bool">false</Field>
        <Field name="type" type="string">VectorMeshVar</Field>
        <Field name="fromDB" type="bool">false</Field>
        <Field name="fromOperator" type="bool">false</Field>
        <Field name="operatorName" type="string">__none__</Field>
        <Field name="meshName" type="string"></Field>
        <Field name="dbName" type="string">__none__</Field>
        <Field name="autoExpression" type="bool">false</Field>
    </Object>
    <Object name="Expression">
        <Field name="name" type="string">magnitude_gas_momentum</Field>
        <Field name="definition" type="string">magnitude(gas_momentum)</Field>
        <Field name="hidden" type="bool">false</Field>
        <Field name="type" type="string">ScalarMeshVar</Field>
        <Field name="fromDB" type="bool">false</Field>
        <Field name="fromOperator" type="bool">false</Field>
        <Field name="operatorName" type="string">__none__</Field>
        <Field name="meshName" type="string"></Field>
        <Field name="dbName" type="string">__none__</Field>
        <Field name="autoExpression" type="bool">false</Field>
    </Object>
    <Object name="Expression">
        <Field name="name" type="string">gas_energy</Field>
        <Field name="definition" type="string">Etot-0.5*dens*sqr(magnitude_gas_velocity)-0.5*sqr(magnitude_bfield)</Field>
        <Field name="hidden" type="bool">false</Field>
        <Field name="type" type="string">ScalarMeshVar</Field>
        <Field name="fromDB" type="bool">false</Field>
        <Field name="fromOperator" type="bool">false</Field>
        <Field name="operatorName" type="string">__none__</Field>
        <Field name="meshName" type="string"></Field>
        <Field name="dbName" type="string">__none__</Field>
        <Field name="autoExpression" type="bool">false</Field>
    </Object>
</Object>
