<?xml version="1.0"?>
<Object name="ExpressionList">
    <Object name="Expression">
        <Field name="name" type="string">Bcc1</Field>
        <Field name="definition" type="string">Bcc[0]</Field>
        <Field name="hidden" type="bool">false</Field>
        <Field name="type" type="string">ScalarMeshVar</Field>
        <Field name="fromDB" type="bool">false</Field>
        <Field name="fromOperator" type="bool">false</Field>
        <Field name="operatorName" type="string">__none__</Field>
        <Field name="meshName" type="string"></Field>
        <Field name="dbName" type="string">__none__</Field>
        <Field name="autoExpression" type="bool">false</Field>
    </Object>
    <Object name="Expression">
        <Field name="name" type="string">Bcc2</Field>
        <Field name="definition" type="string">Bcc[1]</Field>
        <Field name="hidden" type="bool">false</Field>
        <Field name="type" type="string">ScalarMeshVar</Field>
        <Field name="fromDB" type="bool">false</Field>
        <Field name="fromOperator" type="bool">false</Field>
        <Field name="operatorName" type="string">__none__</Field>
        <Field name="meshName" type="string"></Field>
        <Field name="dbName" type="string">__none__</Field>
        <Field name="autoExpression" type="bool">false</Field>
    </Object>
    <Object name="Expression">
        <Field name="name" type="string">Bcc3</Field>
        <Field name="definition" type="string">Bcc[2]</Field>
        <Field name="hidden" type="bool">false</Field>
        <Field name="type" type="string">ScalarMeshVar</Field>
        <Field name="fromDB" type="bool">false</Field>
        <Field name="fromOperator" type="bool">false</Field>
        <Field name="operatorName" type="string">__none__</Field>
        <Field name="meshName" type="string"></Field>
        <Field name="dbName" type="string">__none__</Field>
        <Field name="autoExpression" type="bool">false</Field>
    </Object>
    <Object name="Expression">
        <Field name="name" type="string">vel1</Field>
        <Field name="definition" type="string">vel[0]</Field>
        <Field name="hidden" type="bool">false</Field>
        <Field name="type" type="string">ScalarMeshVar</Field>
        <Field name="fromDB" type="bool">false</Field>
        <Field name="fromOperator" type="bool">false</Field>
        <Field name="operatorName" type="string">__none__</Field>
        <Field name="meshName" type="string"></Field>
        <Field name="dbName" type="string">__none__</Field>
        <Field name="autoExpression" type="bool">false</Field>
    </Object>
    <Object name="Expression">
        <Field name="name" type="string">vel2</Field>
        <Field name="definition" type="string">vel[1]</Field>
        <Field name="hidden" type="bool">false</Field>
        <Field name="type" type="string">ScalarMeshVar</Field>
        <Field name="fromDB" type="bool">false</Field>
        <Field name="fromOperator" type="bool">false</Field>
        <Field name="operatorName" type="string">__none__</Field>
        <Field name="meshName" type="string"></Field>
        <Field name="dbName" type="string">__none__</Field>
        <Field name="autoExpression" type="bool">false</Field>
    </Object>
    <Object name="Expression">
        <Field name="name" type="string">vel3</Field>
        <Field name="definition" type="string">vel[2]</Field>
        <Field name="hidden" type="bool">false</Field>
        <Field name="type" type="string">ScalarMeshVar</Field>
        <Field name="fromDB" type="bool">false</Field>
        <Field name="fromOperator" type="bool">false</Field>
        <Field name="operatorName" type="string">__none__</Field>
        <Field name="meshName" type="string"></Field>
        <Field name="dbName" type="string">__none__</Field>
        <Field name="autoExpression" type="bool">false</Field>
    </Object>
</Object>
